player_name,expASV_on,expASV_off,delta_expASV
Cale Makar,,0.674999999999998,
Victor Hedman,,0.674999999999998,
Roman Josi,,0.674999999999998,
Adam Fox,,0.674999999999998,
Quinn Hughes,,0.674999999999998,
Miro Heiskanen,,0.674999999999998,
