player_name,expASV_on,expASV_off,delta_expASV
Cale Makar,0.8653634671253256,0.8468283284815091,0.018535138643816507
Victor Hedman,0.8653634671253256,0.8468283284815091,0.018535138643816507
Roman Josi,0.8653634671253256,0.8468283284815091,0.018535138643816507
Adam Fox,0.8468283284815091,0.8653634671253256,-0.018535138643816507
Quinn Hughes,0.8468283284815091,0.8653634671253256,-0.018535138643816507
Miro Heiskanen,0.8468283284815091,0.8653634671253256,-0.018535138643816507
